<?xml version="1.0" encoding="UTF-8"?>
<project version="4">
  <component name="ChangeListManager">
    <list default="true" id="2b1e6262-a0cd-4f0a-920a-d13ca0902168" name="Default Changelist" comment="" />
    <option name="SHOW_DIALOG" value="false" />
    <option name="HIGHLIGHT_CONFLICTS" value="true" />
    <option name="HIGHLIGHT_NON_ACTIVE_CHANGELIST" value="false" />
    <option name="LAST_RESOLUTION" value="IGNORE" />
  </component>
  <component name="FileTemplateManagerImpl">
    <option name="RECENT_TEMPLATES">
      <list>
        <option value="Class" />
      </list>
    </option>
  </component>
  <component name="ProjectId" id="1eMZBdU03HT7LsatUcfROh2masA" />
  <component name="ProjectViewState">
    <option name="hideEmptyMiddlePackages" value="true" />
    <option name="showLibraryContents" value="true" />
  </component>
  <component name="RecentsManager">
    <key name="CreateClassDialog.RecentsKey">
      <recent name="com.orc.samir" />
    </key>
  </component>
  <component name="RunManager" selected="Application.Main">
    <configuration name="Main" type="Application" factoryName="Application" temporary="true">
      <option name="MAIN_CLASS_NAME" value="com.orc.samir.Main" />
      <module name="PersoneelsAdministratie" />
      <option name="WORKING_DIRECTORY" value="file://$PROJECT_DIR$" />
      <RunnerSettings RunnerId="Run" />
      <ConfigurationWrapper RunnerId="Run" />
      <method v="2">
        <option name="Make" enabled="true" />
      </method>
    </configuration>
    <configuration name="MainImpl" type="Application" factoryName="Application" temporary="true" nameIsGenerated="true">
      <option name="MAIN_CLASS_NAME" value="com.orc.samir.MainImpl" />
      <module name="PersoneelsAdministratie" />
      <extension name="coverage">
        <pattern>
          <option name="PATTERN" value="com.orc.samir.*" />
          <option name="ENABLED" value="true" />
        </pattern>
      </extension>
      <method v="2">
        <option name="Make" enabled="true" />
      </method>
    </configuration>
    <recent_temporary>
      <list>
        <item itemvalue="Application.Main" />
        <item itemvalue="Application.MainImpl" />
      </list>
    </recent_temporary>
  </component>
  <component name="SvnConfiguration">
    <configuration />
  </component>
  <component name="TaskManager">
    <task active="true" id="Default" summary="Default task">
      <changelist id="2b1e6262-a0cd-4f0a-920a-d13ca0902168" name="Default Changelist" comment="" />
      <created>1594133287095</created>
      <option name="number" value="Default" />
      <option name="presentableId" value="Default" />
      <updated>1594133287095</updated>
    </task>
    <servers />
  </component>
  <component name="WindowStateProjectService">
    <state x="346" y="107" key="#Code_Cleanup_Inspections" timestamp="1594299860553">
      <screen x="0" y="0" width="1440" height="860" />
    </state>
    <state x="346" y="107" key="#Code_Cleanup_Inspections/0.0.1440.860@0.0.1440.860" timestamp="1594299860553" />
    <state x="346" y="107" key="#Inspections" timestamp="1594294193497">
      <screen x="0" y="0" width="1440" height="860" />
    </state>
    <state x="346" y="107" key="#Inspections/0.0.1440.860@0.0.1440.860" timestamp="1594294193497" />
    <state x="417" y="48" key="#MainImpl" timestamp="1594294953460">
      <screen x="0" y="0" width="1440" height="860" />
    </state>
    <state x="417" y="48" key="#MainImpl/0.0.1440.860@0.0.1440.860" timestamp="1594294953460" />
    <state x="525" y="145" key="#com.intellij.ide.util.MemberChooser" timestamp="1594294574492">
      <screen x="0" y="0" width="1440" height="860" />
    </state>
    <state x="525" y="145" key="#com.intellij.ide.util.MemberChooser/0.0.1440.860@0.0.1440.860" timestamp="1594294574492" />
    <state width="1340" height="199" key="GridCell.Tab.0.bottom" timestamp="1594133476098">
      <screen x="0" y="0" width="1440" height="860" />
    </state>
    <state width="1340" height="199" key="GridCell.Tab.0.bottom/0.0.1440.860@0.0.1440.860" timestamp="1594133476098" />
    <state width="1340" height="199" key="GridCell.Tab.0.center" timestamp="1594133476098">
      <screen x="0" y="0" width="1440" height="860" />
    </state>
    <state width="1340" height="199" key="GridCell.Tab.0.center/0.0.1440.860@0.0.1440.860" timestamp="1594133476098" />
    <state width="1340" height="199" key="GridCell.Tab.0.left" timestamp="1594133476097">
      <screen x="0" y="0" width="1440" height="860" />
    </state>
    <state width="1340" height="199" key="GridCell.Tab.0.left/0.0.1440.860@0.0.1440.860" timestamp="1594133476097" />
    <state width="1340" height="199" key="GridCell.Tab.0.right" timestamp="1594133476098">
      <screen x="0" y="0" width="1440" height="860" />
    </state>
    <state width="1340" height="199" key="GridCell.Tab.0.right/0.0.1440.860@0.0.1440.860" timestamp="1594133476098" />
  </component>
</project>